numero;antes;depois;chegada_gps;erro_antes_h;erro_depois_h;veredito
C-2026-000072;2026-08-18 20:11:22.222765;2026-08-20 11:15:26;2026-08-19 11:19:58;15.1;23.9;piorou
C-2026-000073;2026-08-18 20:11:22.244526;2026-08-20 01:07:36;2026-08-19 01:12:36;5.0;23.9;piorou
C-2026-000074;2026-08-18 20:11:22.245629;2026-08-20 01:04:36;2026-08-19 01:10:18;5.0;23.9;piorou
C-2026-000075;2026-08-18 20:11:22.246640;2026-08-20 00:00:00;;;;sem referencia
C-2026-000076;None;2026-08-22 10:50:19;2026-08-21 11:05:19;;;sem referencia
C-2026-000077;None;2026-08-20 00:00:00;2026-08-18 17:39:47;;;sem referencia
C-2026-000078;2026-08-18 20:11:22.247727;2026-08-18 13:22:23;2026-08-17 21:51:26;22.3;15.5;melhorou
C-2026-000080;None;2026-08-21 21:15:02;2026-08-20 21:15:02;;;sem referencia
C-2026-000081;None;2026-08-19 00:36:17;2026-08-18 00:39:47;;;sem referencia
C-2026-000082;None;2026-08-19 21:18:54;2026-08-19 08:02:00;;;sem referencia
C-2026-000083;None;2026-08-24 00:00:00;;;;sem referencia
C-2026-000084;None;2026-08-21 00:00:00;2026-08-19 08:12:42;;;sem referencia
C-2026-000085;None;2026-08-19 12:28:41;2026-08-16 21:52:42;;;sem referencia
C-2026-000086;2026-08-18 00:00:00;2026-08-19 06:36:22;2026-08-16 17:19:36;30.7;61.3;piorou
C-2026-000087;None;2026-08-20 03:13:48;2026-08-19 03:18:48;;;sem referencia
C-2026-000088;2026-08-19 12:32:20.730198;2026-08-18 19:23:48;2026-08-18 09:19:52;27.2;10.1;melhorou
C-2026-000089;2026-08-18 17:17:25.846480;2026-08-19 15:23:19;2026-08-18 15:38:19;1.7;23.8;piorou
C-2026-000371;2026-08-04 16:54:14.498898;2026-08-26 16:08:42;;;;sem referencia
C-2026-000372;2026-08-04 19:46:40.357906;2026-08-19 00:00:00;2026-08-03 14:17:48;29.5;369.7;piorou
C-2026-000373;2026-08-11 14:34:01.518355;2026-08-08 16:26:05;2026-08-07 16:53:57;93.7;23.5;melhorou
C-2026-000374;2026-08-05 02:00:31.831923;2026-08-06 01:38:53;2026-08-05 01:43:53;0.3;23.9;piorou
C-2026-000375;2026-08-04 14:04:36.125499;2026-08-05 00:00:00;;;;sem referencia
C-2026-000376;2026-08-04 14:24:23.864723;2026-08-19 00:00:00;;;;sem referencia
C-2026-000378;2026-08-07 17:02:01.413161;2026-08-06 17:10:09;2026-08-05 17:17:09;47.7;23.9;melhorou
C-2026-000380;2026-08-05 14:45:38.263175;2026-08-05 00:00:00;;;;sem referencia
C-2026-000382;2026-08-06 15:45:43.860745;2026-08-06 02:55:11;2026-08-05 03:05:11;36.7;23.8;melhorou
C-2026-000384;2026-08-19 17:39:40.236305;2026-08-05 19:35:36;2026-08-05 09:17:01;344.4;10.3;melhorou
C-2026-000385;2026-08-19 13:07:16.445156;2026-08-06 03:39:03;2026-08-05 03:44:03;345.4;23.9;melhorou
C-2026-000386;2026-08-08 06:30:46.569276;2026-08-08 14:42:03;2026-08-08 05:07:06;1.4;9.6;piorou
C-2026-000387;2026-08-06 13:58:38.871340;2026-08-06 07:34:12;2026-08-05 07:39:12;30.3;23.9;melhorou
C-2026-000390;2026-08-08 21:13:03.005101;2026-08-07 07:01:32;2026-08-06 07:01:32;62.2;24.0;melhorou
C-2026-000391;2026-08-06 18:22:58.861182;2026-08-07 00:25:45;2026-08-06 00:30:45;17.9;23.9;piorou
C-2026-000392;2026-08-19 13:08:08.302971;2026-08-26 00:00:00;;;;sem referencia
C-2026-000394;2026-08-11 19:15:57.069836;2026-08-12 19:12:26;2026-08-11 19:12:26;0.1;24.0;piorou
C-2026-000395;2026-08-06 20:26:37.885759;2026-08-07 03:17:16;2026-08-06 03:38:35;16.8;23.6;piorou
C-2026-000396;2026-08-08 18:22:12.392641;2026-08-07 00:25:45;2026-08-06 00:30:45;65.9;23.9;melhorou
C-2026-000397;2026-08-07 10:29:11.755490;2026-08-07 20:24:17;2026-08-06 23:46:24;10.7;20.6;piorou
C-2026-000398;2026-08-19 13:06:56.739372;2026-08-17 00:00:00;;;;sem referencia
C-2026-000399;2026-08-08 04:00:34.818646;2026-08-07 10:06:24;2026-08-06 10:11:24;41.8;23.9;melhorou
C-2026-000400;2026-08-10 18:52:05.196611;2026-08-09 22:15:13;2026-08-08 22:50:13;44.0;23.4;melhorou
C-2026-000427;2026-08-20 10:04:37.774155;2026-08-21 00:00:00;;;;sem referencia
C-2026-000428;2026-08-20 10:04:37.778420;2026-08-20 19:14:05;2026-08-19 19:19:05;14.8;23.9;piorou
C-2026-000430;2026-08-20 19:58:14.697989;2026-08-21 08:31:29;2026-08-20 08:46:29;11.2;23.8;piorou
C-2026-000433;2026-08-19 00:00:00;2026-08-20 21:39:18;2026-08-20 08:16:10;32.3;13.4;melhorou
C-2026-000434;2026-08-20 10:04:37.775518;2026-08-21 00:00:00;;;;sem referencia
C-2026-000435;2026-08-19 00:00:00;2026-08-20 23:45:58;2026-08-19 23:45:58;23.8;24.0;empate
C-2026-000436;2026-08-19 00:00:00;2026-08-20 16:01:39;2026-08-19 16:06:39;16.1;23.9;piorou
C-2026-000438;2026-08-21 10:03:04.790186;2026-08-22 20:12:53;2026-08-21 20:17:53;10.2;23.9;piorou
C-2026-000439;2026-08-21 10:03:04.783666;2026-08-22 12:25:37;2026-08-21 12:30:37;2.5;23.9;piorou
C-2026-000440;2026-08-21 03:54:01.821557;2026-08-21 23:24:34;2026-08-21 03:38:52;0.3;19.8;piorou
C-2026-000441;2026-08-21 10:03:04.789340;2026-08-23 21:14:16;2026-08-22 21:14:16;35.2;24.0;melhorou
C-2026-000442;2026-08-24 00:00:00;2026-08-21 16:54:23;2026-08-20 16:54:54;79.1;24.0;melhorou
C-2026-000443;2026-08-20 10:04:37.956526;2026-08-21 12:06:21;2026-08-20 14:14:06;4.2;21.9;piorou
C-2026-000444;2026-08-24 09:17:24.720131;2026-08-21 18:50:35;2026-08-20 18:55:35;86.4;23.9;melhorou
C-2026-000445;2026-08-25 11:35:09.508189;2026-08-22 16:00:19;2026-08-21 16:00:19;91.6;24.0;melhorou
C-2026-000448;2026-08-24 15:53:49.834797;2026-08-22 20:53:05;2026-08-21 20:58:05;66.9;23.9;melhorou
C-2026-000449;2026-08-24 13:54:37.824516;2026-08-23 19:21:55;2026-08-22 19:31:55;42.4;23.8;melhorou
C-2026-000453;2026-08-21 20:47:49.571446;2026-08-22 15:02:21;2026-08-21 17:45:22;3.0;21.3;piorou
C-2026-000454;2026-08-22 10:03:18.625926;2026-08-24 20:42:03;2026-08-24 00:50:02;38.8;19.9;melhorou
C-2026-000457;2026-08-22 10:03:18.625460;2026-08-22 00:00:00;;;;sem referencia
C-2026-000458;2026-08-21 00:00:00;2026-08-21 20:40:36;2026-08-20 20:46:07;3.2;23.9;piorou
C-2026-000460;2026-08-24 16:21:41.083318;2026-08-25 16:09:13;2026-08-24 16:14:13;0.1;23.9;piorou
C-2026-000461;2026-08-23 18:40:20.533758;2026-08-22 19:05:52;2026-08-21 19:05:52;47.6;24.0;melhorou
C-2026-000462;2026-08-24 16:31:36.771806;2026-08-22 17:57:54;2026-08-21 18:02:54;70.5;23.9;melhorou
C-2026-000464;2026-08-23 10:03:33.327813;2026-08-25 13:47:11;2026-08-24 13:52:11;27.8;23.9;melhorou
C-2026-000465;2026-08-23 10:03:33.327176;2026-08-23 21:12:45;2026-08-22 21:17:45;12.8;23.9;piorou
C-2026-000466;2026-08-23 10:03:33.326455;2026-08-24 05:26:50;2026-08-23 13:34:31;3.5;15.9;piorou
C-2026-000467;2026-08-27 10:04:31.076295;2026-08-26 09:17:12;2026-08-25 09:22:12;48.7;23.9;melhorou
C-2026-000468;2026-08-24 00:00:00;2026-08-22 02:13:48;2026-08-20 13:35:54;82.4;36.6;melhorou
C-2026-000469;2026-08-25 19:21:10.568983;2026-08-26 03:42:22;2026-08-25 05:02:43;14.3;22.7;piorou
C-2026-000470;2026-08-24 00:00:00;2026-09-02 08:32:35;2026-09-01 08:42:35;200.7;23.8;melhorou
C-2026-000471;2026-08-25 18:26:35.546705;2026-08-25 03:55:12;2026-08-24 04:00:12;38.4;23.9;melhorou
C-2026-000472;2026-08-25 10:03:57.457897;2026-08-23 09:50:44;2026-08-22 09:54:44;72.2;23.9;melhorou
C-2026-000473;2026-08-27 10:04:31.076986;2026-08-29 00:00:00;;;;sem referencia
C-2026-000474;2026-08-24 18:37:43.209884;2026-08-25 06:27:25;2026-08-24 06:27:25;12.2;24.0;piorou
C-2026-000476;2026-08-24 17:41:13.824549;2026-08-27 00:00:00;2026-08-24 02:48:48;14.9;69.2;piorou
C-2026-000477;2026-08-24 10:03:48.627791;2026-08-24 21:18:27;2026-08-23 21:23:27;12.7;23.9;piorou
C-2026-000479;2026-08-24 10:03:48.624665;2026-08-24 23:22:36;2026-08-23 23:27:36;10.6;23.9;piorou
C-2026-000480;2026-08-25 00:00:00;2026-08-24 11:26:04;2026-08-23 11:31:04;36.5;23.9;melhorou
C-2026-000481;2026-08-25 00:00:00;2026-08-26 16:08:42;2026-08-26 07:39:48;31.7;8.5;melhorou
C-2026-000483;2026-08-25 00:00:00;2026-08-23 20:02:07;2026-08-22 20:07:07;51.9;23.9;melhorou
C-2026-000484;2026-08-26 18:11:52.423618;2026-08-27 07:55:28;2026-08-26 08:00:28;10.2;23.9;piorou
C-2026-000486;2026-08-25 00:00:00;2026-08-26 13:08:06;2026-08-25 18:46:46;18.8;18.4;empate
C-2026-000487;2026-08-24 00:00:00;2026-08-26 12:40:49;2026-08-25 12:45:49;36.8;23.9;melhorou
C-2026-000489;2026-08-25 10:03:57.460163;2026-08-24 21:40:00;2026-08-24 08:19:37;25.7;13.3;melhorou
C-2026-000490;2026-08-26 08:13:53.659874;2026-08-27 07:45:05;2026-08-26 07:49:35;0.4;23.9;piorou
C-2026-000491;2026-08-25 10:03:57.461024;2026-08-25 16:24:35;2026-08-25 05:20:49;4.7;11.1;piorou
C-2026-000492;2026-08-26 10:04:13.168401;2026-08-27 01:51:05;2026-08-26 01:51:05;8.2;24.0;piorou
C-2026-000493;2026-08-25 10:03:57.601549;2026-08-28 00:00:00;;;;sem referencia
C-2026-000494;2026-08-26 10:04:13.166108;2026-08-28 00:00:00;2026-08-26 11:02:10;1.0;37.0;piorou
C-2026-000495;2026-08-26 10:04:13.169301;2026-09-02 00:00:00;;;;sem referencia
C-2026-000497;2026-08-25 00:00:00;2026-08-25 21:33:19;2026-08-24 21:38:17;2.4;23.9;piorou
C-2026-000498;2026-08-26 01:06:51.141207;2026-08-27 00:10:32;2026-08-26 00:15:32;0.9;23.9;piorou
C-2026-000499;2026-08-26 13:07:56.474181;2026-08-27 11:37:16;2026-08-26 11:52:16;1.3;23.8;piorou
C-2026-000500;2026-08-26 00:00:00;2026-08-27 21:56:53;2026-08-27 11:46:52;35.8;10.2;melhorou
C-2026-000502;2026-08-26 01:05:51.514959;2026-08-27 00:11:20;2026-08-26 00:16:20;0.8;23.9;piorou
C-2026-000504;2026-08-25 13:02:07.409495;2026-08-26 12:40:49;2026-08-25 12:45:49;0.3;23.9;piorou
C-2026-000506;2026-08-26 20:27:52.243137;2026-08-27 09:51:23;2026-08-26 09:56:23;10.5;23.9;piorou
C-2026-000507;2026-08-27 10:04:31.077559;2026-08-29 00:27:08;;;;sem referencia
C-2026-000509;2026-08-26 10:04:13.332628;2026-08-26 00:09:53;2026-08-25 17:58:17;16.1;6.2;melhorou
C-2026-000511;2026-08-29 10:07:33.422865;2026-08-30 00:00:00;;;;sem referencia
C-2026-000512;2026-08-27 00:00:00;2026-08-27 15:00:46;2026-08-26 15:05:46;8.9;23.9;piorou
C-2026-000517;2026-08-29 18:05:18.273239;2026-08-28 14:55:20;2026-08-27 14:55:20;51.2;24.0;melhorou
C-2026-000521;2026-08-26 10:04:13.333454;2026-08-31 23:05:04;2026-08-31 07:37:50;117.6;15.5;melhorou
C-2026-000525;2026-08-28 10:07:17.167648;2026-08-31 21:43:49;2026-08-31 11:42:42;73.6;10.0;melhorou
C-2026-000526;2026-08-28 10:07:17.168332;2026-08-29 03:15:17;2026-08-28 03:21:17;6.8;23.9;piorou
C-2026-000527;2026-08-28 10:07:17.166901;2026-08-31 19:04:07;2026-08-30 19:09:07;57.0;23.9;melhorou
C-2026-000528;2026-08-28 08:52:33.007886;2026-08-28 15:02:25;2026-08-28 08:51:36;0.0;6.2;piorou
C-2026-000533;2026-08-29 10:07:33.425030;2026-08-28 01:26:32;2026-08-27 01:31:32;56.6;23.9;melhorou
C-2026-000534;2026-09-01 01:13:07.865072;2026-08-30 09:16:04;2026-08-29 09:21:04;63.9;23.9;melhorou
C-2026-000536;2026-08-27 00:00:00;2026-08-28 00:04:56;2026-08-27 00:09:56;0.2;23.9;piorou
C-2026-000537;2026-08-27 10:04:31.221881;2026-08-27 16:19:02;2026-08-27 02:04:39;8.0;14.2;piorou
C-2026-000540;2026-08-28 00:00:00;2026-08-29 14:23:32;2026-08-28 14:24:02;14.4;24.0;piorou
C-2026-000541;2026-08-29 10:07:33.424333;2026-08-31 20:02:04;2026-08-31 09:35:51;47.5;10.4;melhorou
C-2026-000542;2026-08-28 18:48:29.823304;2026-08-29 14:45:29;2026-08-28 18:37:13;0.2;20.1;piorou
C-2026-000543;2026-08-29 00:00:00;2026-08-29 14:21:01;2026-08-28 16:22:07;7.6;22.0;piorou
C-2026-000544;2026-08-31 19:38:24.159453;2026-09-01 10:00:02;2026-08-31 10:00:02;9.6;24.0;piorou
C-2026-000546;2026-08-29 12:35:40.186563;2026-08-28 22:55:13;2026-08-27 22:55:13;37.7;24.0;melhorou
C-2026-000547;2026-09-02 06:53:31.165055;2026-09-03 07:37:29;2026-09-02 07:42:29;0.8;23.9;piorou
C-2026-000548;None;2026-08-31 23:47:15;2026-08-31 08:13:21;;;sem referencia
C-2026-000549;2026-09-03 14:08:29.102509;2026-09-02 18:26:18;2026-08-26 12:57:05;193.2;173.5;melhorou
C-2026-000551;2026-08-28 13:36:33.117007;2026-08-28 22:40:04;2026-08-28 10:56:35;2.7;11.7;piorou
C-2026-000553;2026-08-30 10:07:51.445143;2026-08-31 22:37:56;2026-08-30 23:29:45;13.4;23.1;piorou
C-2026-000556;2026-08-29 00:00:00;2026-08-30 06:55:08;2026-08-29 07:00:08;7.0;23.9;piorou
C-2026-000557;2026-08-31 03:28:55.993677;2026-09-01 02:14:13;2026-08-31 02:52:27;0.6;23.4;piorou
C-2026-000558;2026-08-30 23:58:25.161427;2026-08-31 22:47:30;2026-08-30 22:57:30;1.0;23.8;piorou
C-2026-000561;2026-08-30 22:56:51.205741;2026-08-31 22:41:20;2026-08-30 22:46:20;0.2;23.9;piorou
C-2026-000562;2026-08-31 00:00:00;2026-08-30 09:01:03;2026-08-29 09:06:02;38.9;23.9;melhorou
C-2026-000563;2026-08-29 00:00:00;2026-08-31 21:06:10;2026-08-31 12:58:47;61.0;8.1;melhorou
C-2026-000564;2026-08-29 00:00:00;2026-08-29 18:23:59;2026-08-28 18:23:59;5.6;24.0;piorou
C-2026-000565;2026-09-02 00:00:00;2026-09-02 08:32:35;2026-09-01 08:42:35;15.3;23.8;piorou
C-2026-000567;2026-08-29 00:00:00;2026-08-30 12:53:23;2026-08-29 12:58:23;13.0;23.9;piorou
C-2026-000569;2026-08-30 00:00:00;2026-09-01 03:20:58;2026-08-31 03:25:58;27.4;23.9;melhorou
C-2026-000570;2026-08-31 11:53:32.753133;2026-08-31 21:43:49;2026-08-31 11:42:42;0.2;10.0;piorou
C-2026-000572;2026-08-31 10:08:07.544821;2026-08-31 00:05:56;2026-08-30 00:05:56;34.0;24.0;melhorou
C-2026-000577;2026-09-01 00:00:00;2026-08-30 21:24:19;2026-08-29 21:29:19;50.5;23.9;melhorou
C-2026-000579;None;2026-09-02 09:36:08;2026-09-01 10:20:31;;;sem referencia
C-2026-000581;2026-08-31 13:14:01.888531;2026-08-31 21:06:10;2026-08-31 12:58:47;0.3;8.1;piorou
C-2026-000583;None;2026-09-03 08:59:37;2026-09-02 09:04:37;;;sem referencia
C-2026-000584;2026-09-01 10:08:15.312722;2026-09-02 19:10:04;2026-09-02 10:13:44;24.1;8.9;melhorou
C-2026-000585;2026-09-02 11:58:08.558656;2026-09-01 21:55:14;2026-08-31 22:00:14;38.0;23.9;melhorou
C-2026-000589;2026-08-31 18:51:44.216877;2026-09-01 03:20:58;2026-08-31 03:25:58;15.4;23.9;piorou
C-2026-000590;2026-09-01 10:08:15.313503;2026-08-31 15:11:25;2026-08-30 15:16:25;42.9;23.9;melhorou
C-2026-000591;2026-09-02 10:08:31.792530;2026-09-02 21:03:08;2026-09-02 11:51:16;1.7;9.2;piorou
C-2026-000592;2026-09-02 02:30:36.704329;2026-09-02 23:53:43;2026-09-02 00:08:43;2.4;23.8;piorou
C-2026-000594;2026-09-02 10:08:31.795479;2026-09-03 02:39:11;2026-09-02 02:44:11;7.4;23.9;piorou
C-2026-000598;2026-09-01 00:00:00;2026-09-02 04:52:00;2026-08-30 13:36:08;34.4;63.3;piorou
C-2026-000599;None;2026-09-02 18:13:24;2026-09-01 18:13:24;;;sem referencia
C-2026-000600;2026-09-01 17:26:27.780139;2026-09-02 16:30:55;2026-09-01 16:35:55;0.8;23.9;piorou
C-2026-000604;2026-09-03 13:37:40.117956;2026-09-03 21:00:15;2026-09-02 21:05:15;16.5;23.9;piorou
C-2026-000605;2026-09-02 10:08:31.796389;2026-09-02 00:00:00;2026-09-01 06:06:57;28.0;17.9;melhorou
C-2026-000606;2026-09-02 00:00:00;2026-09-02 21:02:50;2026-09-01 21:02:50;3.0;24.0;piorou
